brand,price,price_unit,unit_type,rating,reviews,availability
"McCormick Onion Powder, 2.62 Oz",Page 1 of 1,,,4.8 out of 5 stars,"4,470 ratings",Not Available
"FreshJax Organic Minced Onion (4.2 oz Large Bottle) Non GMO, Gluten Free, Keto, Paleo, No Preservatives Dried Minced Onion Flakes for Cooking | Handcrafted in Jacksonville, Florida",Page 1 of 1,,,4.6 out of 5 stars,5 ratings,Not Available
"Unisex Tear Proof Cut Onion Goggles, Saftey Glasses for Kitchen, Cooking, BBQ, Cleaning, Cycling; Chopping Eye Protect Tool; With Sealing Sponge; Anti-tear, Dustproof, Anti-fog, Windproof; OG1H",Page 1 of 1,,,3.6 out of 5 stars,130 ratings,Not Available
"Organic French Fried Crispy Onions - Kosher, Vegan, Gluten-Free, NON-GMO, USDA Organic - 6 Oz (3 Pack Total of 18 Oz)",Page 1 of 1,,,4.6 out of 5 stars,"1,247 ratings",Not Available
Watercolor Vegetables by pcc Beet Pepper Broccoli Cabbage Carrot Cauliflower Celery Cucumber Eggplant Kale Potato Tomato DECORATIVE Ceramic Dresser Drawer PULLS Cabinet Cupboard KNOBS (onion),$3.89,,,Previous page,,In stock
"Bulk Dehydrated Chopped Onions 2LB, Kosher Certified Dried Onion Flakes best for Soups, Sauces, Meatballs, Vegetables,",Page 1 of 1,,,4.0 out of 5 stars,2 ratings,Not Available
"Sanniti Cocktail Onions Stuffed with Jalapenos, 16 oz (Pack of 2)",Page 1 of 1,,,4.6 out of 5 stars.,,Not Available
"Litehouse Freeze Dried Spring Onion - Fresh Spring Onion, 1 Bunch Inside, Fresh Taste, Gluten Free, Keto Friendly, No Refrigeration - 0.23 Ounce, 2-Pack",Page 1 of 1,,,4.7 out of 5 stars,"2,585 ratings",Not Available
"FreshJax Organic Onion Granules (5.8 oz Large Bottle) Certified Organic, Non GMO, Gluten Free, Keto, Paleo, No Preservatives Granulated Onion | Handcrafted in Jacksonville, Florida",Page 1 of 1,,,4.6 out of 5 stars,51 ratings,Not Available
"French's Original Crispy Fried Onions, 24 oz - One 24 Ounce Bag of Crunchy Fried Onions to Sprinkle on Salads, Potatoes, Chicken, Burgers and Green Bean Casseroles",Page 1 of 1,,,4.7 out of 5 stars,"6,755 ratings",Not Available
"Jeff's Garden Pickled Onion Pack, Pickled Red Onion & Spicy Pickled Onion | Gluten Free | 12 Fluid Ounce Jar (Pack of 2)",Page 1 of 1,,,4.0 out of 5 stars,6 ratings,Not Available
"McCormick Onion Powder, 22 oz",Page 1 of 1,,,4.7 out of 5 stars,126 ratings,Not Available
"Frontier Organic Chopped Onion, 1 Pound, Dried & Chopped Sweet Organic White Onion, Kosher, Sustainably Grown",$12.00,,,4.8 out of 5 stars,"2,806 ratings",Not Available
STOBAZA 3pcs Chopstick Holder Household Spoon Holders Dessert Spoon Utensil Accessory Kitchen Decor Tall Kitchen Utensil Holder Fork Holder Chopsticks Bucket Ceramics Desktop,$59.19,,,5.0 out of 5 stars,,In Stock
"Nutricost Pantry Yellow Cheddar Cheese Powder (2.5 Pounds Per Bottle) - Powdered Cheese :: Great for Cooking, Baking, Popcorn, and More!",Page 1 of 1,,,4.2 out of 5 stars,16 ratings,Not Available
"Wisconsin Pounder Delight - Shelf Stable Gourmet Cheese Assortment, 1 Pound - Perfect for Snacking, Charcuterie, and Entertaining (Gouda 1-Lb. Block)",Page 1 of 1,,,3.9 out of 5 stars,669 ratings,Not Available
"It's Just - White Cheddar Cheese Powder, Traditional Sharp Flavor, Made in USA, 15oz",Page 1 of 1,,,4.3 out of 5 stars,333 ratings,Not Available
"Hoosier Hill Farm White Cheddar Cheese Powder, 2LB (Pack of 1)",$24.99,$0.78,Ounce,4.6 out of 5 stars,"6,823 ratings",In Stock
"HealthSmart High Protein Bacon & Cheese Omelet, 15g Protein, Low Calorie, Low Carb, Low Fat, No Gluten Ingredients, KETO Diet Friendly, Ideal Protein Compatible, 7 Count Box",Page 1 of 1,,,1.5 out of 5 stars,2 ratings,Not Available
"Nature’s Garden Keto Snack Mix – Probiotic Cheese Balls, Crunchy Keto Snack, Keto Snack Mix, All Natural, Low Carb, Heart Healthy Nuts – 24 Oz Bag (Pack of 1)",$18.50,,,4.1 out of 5 stars,"1,215 ratings",Not Available
Brick - Wisconsin Cheese - Mild Brick Cheese (16oz),Page 1 of 1,,,4.6 out of 5 stars,594 ratings,Not Available
"Cheese Bros. Cheddar Cheese | Made in Wisconsin (Smoked Cheddar, 4 Count)",Page 1 of 1,,,4.5 out of 5 stars,35 ratings,Not Available
"Farmers' Market Cheese Block Assortment 7oz 10-Pack, Shelf Stable, Pasteurized, Locally Sourced Wisconsin Cheese (Assortment, 10 Count)",Page 1 of 1,,,4.3 out of 5 stars,80 ratings,Not Available
Cheese Bros Squeaky Fresh Wisconsin CHEESE CURDS | 8 ounce bags | Gourmet Gift for Families… (4),Page 1 of 1,,,4.7 out of 5 stars,165 ratings,Not Available
"Moon Cheese Oh My Gouda Cheese Bites, 10 Ounce, 2-Pack, Crunchy, Packed With Protein & Calcium, Keto, Gluten Free",Page 1 of 1,,,4.4 out of 5 stars,"6,464 ratings",Not Available
Shredded Mozzarella Cheese – 5LBS / 80 OZ – Low Moisture & Whole Milk – Shredded Pizza Cheese – Perfect Pizza Oven Accessories – Ships with Gel Packs – Rich & Creamy Shredded Cheese,Page 1 of 1,,,4.4 out of 5 stars,116 ratings,Not Available
"McCormick Culinary Bacon Flavored Bits, 13 oz - One 13 Ounce Container of Bacon Bits to Sprinkle on Salads, Soups, Vegetables, Breakfast Bowls and More",$41.98,,,4.5 out of 5 stars,"4,108 ratings",Not Available
"365 by Whole Foods Market, Organic Strawberry Fruit Spread, 17 Ounce",,,,4.7 out of 5 stars,"7,105 ratings",Not Available
"BUSH'S BEST 15 oz Canned Seasoned Recipe Black Beans, Source of Plant Based Protein and Fiber, Low Fat, Gluten Free, (Pack of 12)",$14.90,,,4.7 out of 5 stars,"2,678 ratings",Not Available
"Quaker Rice Cake Caramel Corn, 3.52 Oz",$41.55,,,4.7 out of 5 stars,"2,112 ratings",Not Available
